{
  "train_losses": [
    2.4103165618957036,
    2.349732819057646,
    2.3313242859310574,
    2.3186823299952914,
    2.307817262316507
  ],
  "val_losses": [
    2.3921160514538107,
    2.338504956318782,
    2.309966967656062,
    2.3008054219759426,
    2.3061903440035305
  ],
  "train_accs": [
    8.8,
    9.0,
    10.3,
    10.3,
    10.2
  ],
  "val_accs": [
    9.0,
    10.5,
    10.5,
    12.0,
    9.0
  ],
  "best_val_acc": 12.0
}